Match type,Repository,Repository external URL,File path,File URL,Path matches [path [start end]],Chunk matches [line [start end]]
content,github.com/veraPDF/veraPDF-library,https://sourcegraph.com/github.com/veraPDF/veraPDF-library,xmp-core/src/main/java/org/verapdf/xmp/impl/ParseRDF.java,https://sourcegraph.com/github.com/veraPDF/veraPDF-library/-/blob/xmp-core/src/main/java/org/verapdf/xmp/impl/ParseRDF.java,"[xmp-core/src/main/java/org/verapdf/xmp/impl/ParseRDF.java, [[9, 22]]]","[1112, [[0, 18]]]; [1115, [[0, 9]]]; [1152, [[0, 18]]]"
content,github.com/spring-projects/spring-shell,https://sourcegraph.com/github.com/spring-projects/spring-shell,spring-shell-test/src/main/java/org/springframework/shell/test/jediterm/terminal/model/CharBuffer.java,https://sourcegraph.com/github.com/spring-projects/spring-shell/-/blob/spring-shell-test/src/main/java/org/springframework/shell/test/jediterm/terminal/model/CharBuffer.java,"[spring-shell-test/src/main/java/org/springframework/shell/test/jediterm/terminal/model/CharBuffer.java, [[18, 31]]]","[56, [[0, 9]]]"
content,github.com/sirixdb/sirix,https://sourcegraph.com/github.com/sirixdb/sirix,bundles/sirix-gui/src/main/java/org/sirix/gui/Menu.java,https://sourcegraph.com/github.com/sirixdb/sirix/-/blob/bundles/sirix-gui/src/main/java/org/sirix/gui/Menu.java,"[bundles/sirix-gui/src/main/java/org/sirix/gui/Menu.java, [[18, 31]]]","[115, [[0, 18] [0, 17] [0, 21]]]"
content,github.com/consulo/consulo-unity3d,https://sourcegraph.com/github.com/consulo/consulo-unity3d,plugin/src/main/java/consulo/unity3d/jsonApi/UnitySetDefinesHandler.java,https://sourcegraph.com/github.com/consulo/consulo-unity3d/-/blob/plugin/src/main/java/consulo/unity3d/jsonApi/UnitySetDefinesHandler.java,"[plugin/src/main/java/consulo/unity3d/jsonApi/UnitySetDefinesHandler.java, [[7, 20]]]","[113, [[0, 18]]]"
content,github.com/javamelody/javamelody,https://sourcegraph.com/github.com/javamelody/javamelody,javamelody-core/src/main/java/net/bull/javamelody/Parameter.java,https://sourcegraph.com/github.com/javamelody/javamelody/-/blob/javamelody-core/src/main/java/net/bull/javamelody/Parameter.java,"[javamelody-core/src/main/java/net/bull/javamelody/Parameter.java, [[16, 29]]]","[448, [[0, 14]]]"
content,github.com/pig-mesh/pig,https://sourcegraph.com/github.com/pig-mesh/pig,pig-auth/src/main/java/com/pig4cloud/pig/auth/support/sms/OAuth2ResourceOwnerSmsAuthenticationProvider.java,https://sourcegraph.com/github.com/pig-mesh/pig/-/blob/pig-auth/src/main/java/com/pig4cloud/pig/auth/support/sms/OAuth2ResourceOwnerSmsAuthenticationProvider.java,"[pig-auth/src/main/java/com/pig4cloud/pig/auth/support/sms/OAuth2ResourceOwnerSmsAuthenticationProvider.java, [[9, 22]]]","[51, [[0, 25]]]"
content,github.com/jenetics/jenetics,https://sourcegraph.com/github.com/jenetics/jenetics,jenetics/src/main/java/io/jenetics/Mutator.java,https://sourcegraph.com/github.com/jenetics/jenetics/-/blob/jenetics/src/main/java/io/jenetics/Mutator.java,"[jenetics/src/main/java/io/jenetics/Mutator.java, [[9, 22]]]","[113, [[0, 19]]]"
content,github.com/FabricMC/tiny-remapper,https://sourcegraph.com/github.com/FabricMC/tiny-remapper,src/main/java/net/fabricmc/tinyremapper/AsmRemapper.java,https://sourcegraph.com/github.com/FabricMC/tiny-remapper/-/blob/src/main/java/net/fabricmc/tinyremapper/AsmRemapper.java,"[src/main/java/net/fabricmc/tinyremapper/AsmRemapper.java, [[0, 13]]]","[60, [[0, 9]]]; [90, [[0, 9]]]"
content,github.com/grishka/Smithereen,https://sourcegraph.com/github.com/grishka/Smithereen,src/main/java/smithereen/controllers/CommentsController.java,https://sourcegraph.com/github.com/grishka/Smithereen/-/blob/src/main/java/smithereen/controllers/CommentsController.java,"[src/main/java/smithereen/controllers/CommentsController.java, [[0, 13]]]","[66, [[0, 15]]]"
content,github.com/terrier-org/terrier-core,https://sourcegraph.com/github.com/terrier-org/terrier-core,modules/core/src/main/java/org/terrier/matching/daat/Full.java,https://sourcegraph.com/github.com/terrier-org/terrier-core/-/blob/modules/core/src/main/java/org/terrier/matching/daat/Full.java,"[modules/core/src/main/java/org/terrier/matching/daat/Full.java, [[13, 26]]]","[198, [[0, 21]]]"
content,github.com/jenetics/jpx,https://sourcegraph.com/github.com/jenetics/jpx,jpx/src/main/java/io/jenetics/jpx/XMLReader.java,https://sourcegraph.com/github.com/jenetics/jpx/-/blob/jpx/src/main/java/io/jenetics/jpx/XMLReader.java,"[jpx/src/main/java/io/jenetics/jpx/XMLReader.java, [[4, 17]]]","[678, [[0, 12]]]"
content,github.com/pig-mesh/excel-spring-boot-starter,https://sourcegraph.com/github.com/pig-mesh/excel-spring-boot-starter,src/main/java/com/pig4cloud/plugin/excel/ResponseExcelAutoConfiguration.java,https://sourcegraph.com/github.com/pig-mesh/excel-spring-boot-starter/-/blob/src/main/java/com/pig4cloud/plugin/excel/ResponseExcelAutoConfiguration.java,"[src/main/java/com/pig4cloud/plugin/excel/ResponseExcelAutoConfiguration.java, [[0, 13]]]","[69, [[0, 28]]]"
content,github.com/shining-stars-lk/damai,https://sourcegraph.com/github.com/shining-stars-lk/damai,damai-elasticsearch-framework/src/main/java/com/damai/conf/BusinessEsAutoConfig.java,https://sourcegraph.com/github.com/shining-stars-lk/damai/-/blob/damai-elasticsearch-framework/src/main/java/com/damai/conf/BusinessEsAutoConfig.java,"[damai-elasticsearch-framework/src/main/java/com/damai/conf/BusinessEsAutoConfig.java, [[30, 43]]]","[74, [[0, 19]]]"
content,github.com/ernestojimenezruiz/logmap-matcher,https://sourcegraph.com/github.com/ernestojimenezruiz/logmap-matcher,src/main/java/uk/ac/ox/krr/logmap2/indexing/LightTarjan.java,https://sourcegraph.com/github.com/ernestojimenezruiz/logmap-matcher/-/blob/src/main/java/uk/ac/ox/krr/logmap2/indexing/LightTarjan.java,"[src/main/java/uk/ac/ox/krr/logmap2/indexing/LightTarjan.java, [[0, 13]]]","[60, [[0, 14]]]; [65, [[0, 9]]]"
content,github.com/trackmate-sc/TrackMate,https://sourcegraph.com/github.com/trackmate-sc/TrackMate,src/main/java/fiji/plugin/trackmate/Spot.java,https://sourcegraph.com/github.com/trackmate-sc/TrackMate/-/blob/src/main/java/fiji/plugin/trackmate/Spot.java,"[src/main/java/fiji/plugin/trackmate/Spot.java, [[0, 13]]]","[555, [[0, 9]]]; [563, [[0, 9]]]"
content,github.com/nexmark/nexmark,https://sourcegraph.com/github.com/nexmark/nexmark,nexmark-flink/src/main/java/com/github/nexmark/flink/metric/cpu/SysInfoLinux.java,https://sourcegraph.com/github.com/nexmark/nexmark/-/blob/nexmark-flink/src/main/java/com/github/nexmark/flink/metric/cpu/SysInfoLinux.java,"[nexmark-flink/src/main/java/com/github/nexmark/flink/metric/cpu/SysInfoLinux.java, [[14, 27]]]","[506, [[0, 26]]]"
content,github.com/activej/activej,https://sourcegraph.com/github.com/activej/activej,core-http/src/main/java/io/activej/dns/DnsCache.java,https://sourcegraph.com/github.com/activej/activej/-/blob/core-http/src/main/java/io/activej/dns/DnsCache.java,"[core-http/src/main/java/io/activej/dns/DnsCache.java, [[10, 23]]]","[145, [[0, 15]]]"
content,github.com/tigase/tigase-server,https://sourcegraph.com/github.com/tigase/tigase-server,src/main/java/tigase/auth/BruteForceLockerBean.java,https://sourcegraph.com/github.com/tigase/tigase-server/-/blob/src/main/java/tigase/auth/BruteForceLockerBean.java,"[src/main/java/tigase/auth/BruteForceLockerBean.java, [[0, 13]]]","[260, [[0, 13] [0, 13]]]"
content,github.com/jstachio/jstachio,https://sourcegraph.com/github.com/jstachio/jstachio,compiler/apt/src/main/java/io/jstach/apt/internal/util/ClassRef.java,https://sourcegraph.com/github.com/jstachio/jstachio/-/blob/compiler/apt/src/main/java/io/jstach/apt/internal/util/ClassRef.java,"[compiler/apt/src/main/java/io/jstach/apt/internal/util/ClassRef.java, [[13, 26]]]","[63, [[0, 11]]]"
content,github.com/CallForSanity/Gaalop,https://sourcegraph.com/github.com/CallForSanity/Gaalop,codegen-verilog/src/main/java/de/gaalop/codegen_verilog/VerilogIR/VerilogIRConverterVisitorCookies.java,https://sourcegraph.com/github.com/CallForSanity/Gaalop/-/blob/codegen-verilog/src/main/java/de/gaalop/codegen_verilog/VerilogIR/VerilogIRConverterVisitorCookies.java,"[codegen-verilog/src/main/java/de/gaalop/codegen_verilog/VerilogIR/VerilogIRConverterVisitorCookies.java, [[16, 29]]]","[513, [[0, 17]]]; [605, [[0, 10]]]"
content,github.com/depsypher/pngtastic,https://sourcegraph.com/github.com/depsypher/pngtastic,src/main/java/com/googlecode/pngtastic/core/processing/Base64.java,https://sourcegraph.com/github.com/depsypher/pngtastic/-/blob/src/main/java/com/googlecode/pngtastic/core/processing/Base64.java,"[src/main/java/com/googlecode/pngtastic/core/processing/Base64.java, [[0, 13]]]","[672, [[0, 16]]]; [731, [[0, 16]]]"
content,github.com/stick-i/scblogs,https://sourcegraph.com/github.com/stick-i/scblogs,gateway-service/src/main/java/cn/sticki/gateway/filter/PathMatcherFilter.java,https://sourcegraph.com/github.com/stick-i/scblogs/-/blob/gateway-service/src/main/java/cn/sticki/gateway/filter/PathMatcherFilter.java,"[gateway-service/src/main/java/cn/sticki/gateway/filter/PathMatcherFilter.java, [[16, 29]]]","[37, [[0, 14]]]"
content,github.com/imglib/imglib2,https://sourcegraph.com/github.com/imglib/imglib2,src/main/java/net/imglib2/view/Views.java,https://sourcegraph.com/github.com/imglib/imglib2/-/blob/src/main/java/net/imglib2/view/Views.java,"[src/main/java/net/imglib2/view/Views.java, [[0, 13]]]","[996, [[0, 14]]]; [1032, [[0, 14]]]; [1230, [[0, 37] [0, 29]]]; [1255, [[0, 37] [0, 15] [0, 15]]]; [1280, [[0, 37] [0, 29]]]; [1329, [[0, 37] [0, 15] [0, 15]]]; [1681, [[0, 16]]]"
content,github.com/OCR4all/LAREX,https://sourcegraph.com/github.com/OCR4all/LAREX,src/main/java/de/uniwue/web/io/FileDatabase.java,https://sourcegraph.com/github.com/OCR4all/LAREX/-/blob/src/main/java/de/uniwue/web/io/FileDatabase.java,"[src/main/java/de/uniwue/web/io/FileDatabase.java, [[0, 13]]]","[182, [[0, 14]]]"
content,github.com/BluSunrize/ImmersiveEngineering,https://sourcegraph.com/github.com/BluSunrize/ImmersiveEngineering,src/main/java/blusunrize/immersiveengineering/common/network/MessageMagnetEquip.java,https://sourcegraph.com/github.com/BluSunrize/ImmersiveEngineering/-/blob/src/main/java/blusunrize/immersiveengineering/common/network/MessageMagnetEquip.java,"[src/main/java/blusunrize/immersiveengineering/common/network/MessageMagnetEquip.java, [[0, 13]]]","[43, [[0, 15]]]"
content,github.com/geosolutions-it/imageio-ext,https://sourcegraph.com/github.com/geosolutions-it/imageio-ext,plugin/jmagickjpeg/src/main/java/it/geosolutions/imageio/plugins/jpeg/JpegJMagickImageReader.java,https://sourcegraph.com/github.com/geosolutions-it/imageio-ext/-/blob/plugin/jmagickjpeg/src/main/java/it/geosolutions/imageio/plugins/jpeg/JpegJMagickImageReader.java,"[plugin/jmagickjpeg/src/main/java/it/geosolutions/imageio/plugins/jpeg/JpegJMagickImageReader.java, [[19, 32]]]","[537, [[0, 15]]]"
content,github.com/TogAr2/MinestomPvP,https://sourcegraph.com/github.com/TogAr2/MinestomPvP,src/main/java/io/github/togar2/pvp/utils/FluidUtil.java,https://sourcegraph.com/github.com/TogAr2/MinestomPvP/-/blob/src/main/java/io/github/togar2/pvp/utils/FluidUtil.java,"[src/main/java/io/github/togar2/pvp/utils/FluidUtil.java, [[0, 13]]]","[74, [[0, 17]]]"
content,github.com/fiji/Trainable_Segmentation,https://sourcegraph.com/github.com/fiji/Trainable_Segmentation,src/main/java/trainableSegmentation/WekaSegmentation.java,https://sourcegraph.com/github.com/fiji/Trainable_Segmentation/-/blob/src/main/java/trainableSegmentation/WekaSegmentation.java,"[src/main/java/trainableSegmentation/WekaSegmentation.java, [[0, 13]]]","[695, [[0, 30]]]"
content,github.com/TheCoder4eu/BootsFaces-OSP,https://sourcegraph.com/github.com/TheCoder4eu/BootsFaces-OSP,src/main/java/net/bootsfaces/component/tab/TabRepeat.java,https://sourcegraph.com/github.com/TheCoder4eu/BootsFaces-OSP/-/blob/src/main/java/net/bootsfaces/component/tab/TabRepeat.java,"[src/main/java/net/bootsfaces/component/tab/TabRepeat.java, [[0, 13]]]","[810, [[0, 9]]]"
content,github.com/robo-code/robocode,https://sourcegraph.com/github.com/robo-code/robocode,robocode.core/src/main/java/net/sf/robocode/battle/events/BattleEventDispatcher.java,https://sourcegraph.com/github.com/robo-code/robocode/-/blob/robocode.core/src/main/java/net/sf/robocode/battle/events/BattleEventDispatcher.java,"[robocode.core/src/main/java/net/sf/robocode/battle/events/BattleEventDispatcher.java, [[14, 27]]]","[33, [[0, 9]]]; [39, [[0, 9]]]"
content,github.com/OHDSI/WhiteRabbit,https://sourcegraph.com/github.com/OHDSI/WhiteRabbit,rabbit-core/src/main/java/org/ohdsi/databases/DBConnector.java,https://sourcegraph.com/github.com/OHDSI/WhiteRabbit/-/blob/rabbit-core/src/main/java/org/ohdsi/databases/DBConnector.java,"[rabbit-core/src/main/java/org/ohdsi/databases/DBConnector.java, [[12, 25]]]","[33, [[0, 19]]]"
content,github.com/mikera/vectorz,https://sourcegraph.com/github.com/mikera/vectorz,src/main/java/mikera/vectorz/impl/ADenseArrayVector.java,https://sourcegraph.com/github.com/mikera/vectorz/-/blob/src/main/java/mikera/vectorz/impl/ADenseArrayVector.java,"[src/main/java/mikera/vectorz/impl/ADenseArrayVector.java, [[0, 13]]]","[103, [[0, 9]]]; [117, [[0, 9] [0, 9]]]; [212, [[0, 9] [0, 9]]]; [227, [[0, 9] [0, 9]]]; [264, [[0, 9] [0, 9]]]; [279, [[0, 9] [0, 9]]]"
content,github.com/Galigator/openllet,https://sourcegraph.com/github.com/Galigator/openllet,module-core/src/main/java/openllet/core/boxes/abox/Node.java,https://sourcegraph.com/github.com/Galigator/openllet/-/blob/module-core/src/main/java/openllet/core/boxes/abox/Node.java,"[module-core/src/main/java/openllet/core/boxes/abox/Node.java, [[12, 25]]]","[285, [[0, 23]]]"
content,github.com/skyscreamer/JSONassert,https://sourcegraph.com/github.com/skyscreamer/JSONassert,src/main/java/org/skyscreamer/jsonassert/ArrayValueMatcher.java,https://sourcegraph.com/github.com/skyscreamer/JSONassert/-/blob/src/main/java/org/skyscreamer/jsonassert/ArrayValueMatcher.java,"[src/main/java/org/skyscreamer/jsonassert/ArrayValueMatcher.java, [[0, 13]]]","[177, [[0, 19] [0, 13] [0, 11]]]"
content,github.com/sensepost/mallet,https://sourcegraph.com/github.com/sensepost/mallet,src/main/java/com/sensepost/mallet/channel/ProxyChannel.java,https://sourcegraph.com/github.com/sensepost/mallet/-/blob/src/main/java/com/sensepost/mallet/channel/ProxyChannel.java,"[src/main/java/com/sensepost/mallet/channel/ProxyChannel.java, [[0, 13]]]","[155, [[0, 15]]]"
content,github.com/uwol/proleap-cobol-parser,https://sourcegraph.com/github.com/uwol/proleap-cobol-parser,src/main/java/io/proleap/cobol/asg/metamodel/impl/ScopeImpl.java,https://sourcegraph.com/github.com/uwol/proleap-cobol-parser/-/blob/src/main/java/io/proleap/cobol/asg/metamodel/impl/ScopeImpl.java,"[src/main/java/io/proleap/cobol/asg/metamodel/impl/ScopeImpl.java, [[0, 13]]]","[2020, [[0, 18] [0, 18]]]"
content,github.com/tzaeschke/ode4j,https://sourcegraph.com/github.com/tzaeschke/ode4j,demo/src/main/java/org/ode4j/demo/DemoConvex.java,https://sourcegraph.com/github.com/tzaeschke/ode4j/-/blob/demo/src/main/java/org/ode4j/demo/DemoConvex.java,"[demo/src/main/java/org/ode4j/demo/DemoConvex.java, [[5, 18]]]","[70, [[0, 9] [0, 9]]]"
content,github.com/uwol/computational-economy,https://sourcegraph.com/github.com/uwol/computational-economy,src/main/java/io/github/uwol/compecon/math/impl/CESFunctionImpl.java,https://sourcegraph.com/github.com/uwol/computational-economy/-/blob/src/main/java/io/github/uwol/compecon/math/impl/CESFunctionImpl.java,"[src/main/java/io/github/uwol/compecon/math/impl/CESFunctionImpl.java, [[0, 13]]]","[46, [[0, 9]]]; [50, [[0, 9]]]; [53, [[0, 9]]]; [58, [[0, 9]]]"
content,github.com/concordion/concordion,https://sourcegraph.com/github.com/concordion/concordion,src/main/java/org/concordion/internal/ListSupport.java,https://sourcegraph.com/github.com/concordion/concordion/-/blob/src/main/java/org/concordion/internal/ListSupport.java,"[src/main/java/org/concordion/internal/ListSupport.java, [[0, 13]]]","[12, [[0, 9]]]"
content,github.com/fiji/Stitching,https://sourcegraph.com/github.com/fiji/Stitching,src/main/java/stitching/model/Point.java,https://sourcegraph.com/github.com/fiji/Stitching/-/blob/src/main/java/stitching/model/Point.java,"[src/main/java/stitching/model/Point.java, [[0, 13]]]","[110, [[0, 4]]]; [132, [[0, 5]]]"
content,github.com/AliView/AliView,https://sourcegraph.com/github.com/AliView/AliView,src/main/java/aliview/gui/RepeatingKeyEventsFixer.java,https://sourcegraph.com/github.com/AliView/AliView/-/blob/src/main/java/aliview/gui/RepeatingKeyEventsFixer.java,"[src/main/java/aliview/gui/RepeatingKeyEventsFixer.java, [[0, 13]]]","[57, [[0, 14]]]"
content,github.com/badlogic/quantum,https://sourcegraph.com/github.com/badlogic/quantum,src/main/java/quantum/utils/Timer.java,https://sourcegraph.com/github.com/badlogic/quantum/-/blob/src/main/java/quantum/utils/Timer.java,"[src/main/java/quantum/utils/Timer.java, [[0, 13]]]","[31, [[0, 16]]]"
content,github.com/vipshop/vjtools,https://sourcegraph.com/github.com/vipshop/vjtools,vjtop/src/main/java/com/vip/vjtools/vjtop/util/LongObjectHashMap.java,https://sourcegraph.com/github.com/vipshop/vjtools/-/blob/vjtop/src/main/java/com/vip/vjtools/vjtop/util/LongObjectHashMap.java,"[vjtop/src/main/java/com/vip/vjtools/vjtop/util/LongObjectHashMap.java, [[6, 19]]]","[100, [[0, 14]]]; [724, [[0, 14]]]"
content,github.com/NicolaasWeideman/RegexStaticAnalysis,https://sourcegraph.com/github.com/NicolaasWeideman/RegexStaticAnalysis,src/main/java/regexcompiler/JavaParseTreeToNFAConverter.java,https://sourcegraph.com/github.com/NicolaasWeideman/RegexStaticAnalysis/-/blob/src/main/java/regexcompiler/JavaParseTreeToNFAConverter.java,"[src/main/java/regexcompiler/JavaParseTreeToNFAConverter.java, [[0, 13]]]","[85, [[0, 11]]]; [93, [[0, 11]]]; [479, [[0, 10]]]"
content,github.com/ltearno/pom-explorer,https://sourcegraph.com/github.com/ltearno/pom-explorer,pom-explorer-core/src/main/java/fr/lteconsulting/pomexplorer/Project.java,https://sourcegraph.com/github.com/ltearno/pom-explorer/-/blob/pom-explorer-core/src/main/java/fr/lteconsulting/pomexplorer/Project.java,"[pom-explorer-core/src/main/java/fr/lteconsulting/pomexplorer/Project.java, [[18, 31]]]","[604, [[0, 16] [0, 19] [0, 13]]]"
content,github.com/qiguliuxing/dts-shop,https://sourcegraph.com/github.com/qiguliuxing/dts-shop,dts-dao/src/main/java/com/qiguliuxing/dts/db/service/DtsCouponService.java,https://sourcegraph.com/github.com/qiguliuxing/dts-shop/-/blob/dts-dao/src/main/java/com/qiguliuxing/dts/db/service/DtsCouponService.java,"[dts-dao/src/main/java/com/qiguliuxing/dts/db/service/DtsCouponService.java, [[8, 21]]]","[73, [[0, 15]]]"
content,github.com/yuqi1129/calcite-test,https://sourcegraph.com/github.com/yuqi1129/calcite-test,src/main/java/com/netease/yuqi/aux/DogVolcanoPlanner.java,https://sourcegraph.com/github.com/yuqi1129/calcite-test/-/blob/src/main/java/com/netease/yuqi/aux/DogVolcanoPlanner.java,"[src/main/java/com/netease/yuqi/aux/DogVolcanoPlanner.java, [[0, 13]]]","[27, [[0, 12]]]"
content,github.com/DarLiner/vjtools,https://sourcegraph.com/github.com/DarLiner/vjtools,vjkit/src/main/java/com/vip/vjtools/vjkit/collection/type/primitive/IntObjectHashMap.java,https://sourcegraph.com/github.com/DarLiner/vjtools/-/blob/vjkit/src/main/java/com/vip/vjtools/vjkit/collection/type/primitive/IntObjectHashMap.java,"[vjkit/src/main/java/com/vip/vjtools/vjkit/collection/type/primitive/IntObjectHashMap.java, [[6, 19]]]","[104, [[0, 14]]]"
content,github.com/HypothesisWorks/hypothesis-java,https://sourcegraph.com/github.com/HypothesisWorks/hypothesis-java,src/main/java/works/hypothesis/ByteUtils.java,https://sourcegraph.com/github.com/HypothesisWorks/hypothesis-java/-/blob/src/main/java/works/hypothesis/ByteUtils.java,"[src/main/java/works/hypothesis/ByteUtils.java, [[0, 13]]]","[10, [[0, 14] [0, 12]]]"
content,github.com/nexr/hive-udf,https://sourcegraph.com/github.com/nexr/hive-udf,src/main/java/com/nexr/platform/hive/udf/GenericUDFInstr.java,https://sourcegraph.com/github.com/nexr/hive-udf/-/blob/src/main/java/com/nexr/platform/hive/udf/GenericUDFInstr.java,"[src/main/java/com/nexr/platform/hive/udf/GenericUDFInstr.java, [[0, 13]]]","[166, [[0, 9]]]"
content,github.com/qupath/qupath,https://sourcegraph.com/github.com/qupath/qupath,qupath-core/src/main/java/qupath/lib/roi/ClosedShapeStatistics.java,https://sourcegraph.com/github.com/qupath/qupath/-/blob/qupath-core/src/main/java/qupath/lib/roi/ClosedShapeStatistics.java,"[qupath-core/src/main/java/qupath/lib/roi/ClosedShapeStatistics.java, [[12, 25]]]","[217, [[0, 13] [0, 15]]]"
content,github.com/Jaspersoft/jasperreports,https://sourcegraph.com/github.com/Jaspersoft/jasperreports,core/src/main/java/net/sf/jasperreports/engine/fill/PartReportFiller.java,https://sourcegraph.com/github.com/Jaspersoft/jasperreports/-/blob/core/src/main/java/net/sf/jasperreports/engine/fill/PartReportFiller.java,"[core/src/main/java/net/sf/jasperreports/engine/fill/PartReportFiller.java, [[5, 18]]]","[324, [[0, 18]]]"
content,github.com/gabrie-allaigre/avatar-generator,https://sourcegraph.com/github.com/gabrie-allaigre/avatar-generator,avatar-generator/src/main/java/com/talanlabs/avatargenerator/element/identicon/NineBlockIdenticonRenderer.java,https://sourcegraph.com/github.com/gabrie-allaigre/avatar-generator/-/blob/avatar-generator/src/main/java/com/talanlabs/avatargenerator/element/identicon/NineBlockIdenticonRenderer.java,"[avatar-generator/src/main/java/com/talanlabs/avatargenerator/element/identicon/NineBlockIdenticonRenderer.java, [[17, 30]]]","[257, [[0, 14] [0, 13]]]"
content,github.com/piomin/sample-spring-microservices-advanced,https://sourcegraph.com/github.com/piomin/sample-spring-microservices-advanced,gateway-service/src/main/java/pl/piomin/microservices/advanced/gateway/Application.java,https://sourcegraph.com/github.com/piomin/sample-spring-microservices-advanced/-/blob/gateway-service/src/main/java/pl/piomin/microservices/advanced/gateway/Application.java,"[gateway-service/src/main/java/pl/piomin/microservices/advanced/gateway/Application.java, [[16, 29]]]","[26, [[0, 20]]]"
content,github.com/FabricMC/fabric-loader,https://sourcegraph.com/github.com/FabricMC/fabric-loader,src/main/java/net/fabricmc/loader/impl/gui/FabricMainWindow.java,https://sourcegraph.com/github.com/FabricMC/fabric-loader/-/blob/src/main/java/net/fabricmc/loader/impl/gui/FabricMainWindow.java,"[src/main/java/net/fabricmc/loader/impl/gui/FabricMainWindow.java, [[0, 13]]]","[313, [[0, 13] [0, 13]]]"
content,github.com/SkyblockerMod/Skyblocker,https://sourcegraph.com/github.com/SkyblockerMod/Skyblocker,src/main/java/de/hysky/skyblocker/skyblock/StatusBarTracker.java,https://sourcegraph.com/github.com/SkyblockerMod/Skyblocker/-/blob/src/main/java/de/hysky/skyblocker/skyblock/StatusBarTracker.java,"[src/main/java/de/hysky/skyblocker/skyblock/StatusBarTracker.java, [[0, 13]]]","[123, [[0, 15]]]"
content,github.com/EngineHub/CommandHelper,https://sourcegraph.com/github.com/EngineHub/CommandHelper,src/main/java/com/laytonsmith/core/MethodScriptCompiler.java,https://sourcegraph.com/github.com/EngineHub/CommandHelper/-/blob/src/main/java/com/laytonsmith/core/MethodScriptCompiler.java,"[src/main/java/com/laytonsmith/core/MethodScriptCompiler.java, [[0, 13]]]","[1193, [[0, 14]]]; [1875, [[0, 10]]]; [1878, [[0, 9]]]; [1915, [[0, 16] [0, 16] [0, 16] [0, 17]]]"
content,github.com/clarisma/geodesk,https://sourcegraph.com/github.com/clarisma/geodesk,src/main/java/com/geodesk/geom/Tile.java,https://sourcegraph.com/github.com/clarisma/geodesk/-/blob/src/main/java/com/geodesk/geom/Tile.java,"[src/main/java/com/geodesk/geom/Tile.java, [[0, 13]]]","[185, [[0, 20]]]; [375, [[0, 15]]]"
content,github.com/spring-projects/spring-authorization-server,https://sourcegraph.com/github.com/spring-projects/spring-authorization-server,docs/src/main/java/sample/registration/ClientRegistrar.java,https://sourcegraph.com/github.com/spring-projects/spring-authorization-server/-/blob/docs/src/main/java/sample/registration/ClientRegistrar.java,"[docs/src/main/java/sample/registration/ClientRegistrar.java, [[5, 18]]]","[71, [[0, 9] [0, 9] [0, 9] [0, 9] [0, 9] [0, 9] [0, 9] [0, 9] [0, 9] [0, 9] [0, 9] [0, 9]]]; [89, [[0, 9] [0, 9] [0, 9] [0, 9] [0, 9] [0, 9] [0, 9] [0, 9] [0, 9] [0, 9] [0, 9] [0, 9] [0, 9]]]"
content,github.com/piomin/sample-spring-microservices-kubernetes,https://sourcegraph.com/github.com/piomin/sample-spring-microservices-kubernetes,gateway-service/src/main/java/pl/piomin/services/gateway/api/GatewayApi.java,https://sourcegraph.com/github.com/piomin/sample-spring-microservices-kubernetes/-/blob/gateway-service/src/main/java/pl/piomin/services/gateway/api/GatewayApi.java,"[gateway-service/src/main/java/pl/piomin/services/gateway/api/GatewayApi.java, [[16, 29]]]","[21, [[0, 20]]]"
content,github.com/runelite/runelite,https://sourcegraph.com/github.com/runelite/runelite,runelite-client/src/main/java/net/runelite/client/Notifier.java,https://sourcegraph.com/github.com/runelite/runelite/-/blob/runelite-client/src/main/java/net/runelite/client/Notifier.java,"[runelite-client/src/main/java/net/runelite/client/Notifier.java, [[16, 29]]]","[179, [[0, 21]]]"
content,github.com/JFormDesigner/FlatLaf,https://sourcegraph.com/github.com/JFormDesigner/FlatLaf,flatlaf-core/src/main/java/com/formdev/flatlaf/ui/FlatTabbedPaneUI.java,https://sourcegraph.com/github.com/JFormDesigner/FlatLaf/-/blob/flatlaf-core/src/main/java/com/formdev/flatlaf/ui/FlatTabbedPaneUI.java,"[flatlaf-core/src/main/java/com/formdev/flatlaf/ui/FlatTabbedPaneUI.java, [[13, 26]]]","[1848, [[0, 21]]]"
content,github.com/openrocket/openrocket,https://sourcegraph.com/github.com/openrocket/openrocket,core/src/main/java/info/openrocket/core/util/Quaternion.java,https://sourcegraph.com/github.com/openrocket/openrocket/-/blob/core/src/main/java/info/openrocket/core/util/Quaternion.java,"[core/src/main/java/info/openrocket/core/util/Quaternion.java, [[5, 18]]]","[232, [[0, 9]]]; [243, [[0, 9]]]; [266, [[0, 9]]]; [275, [[0, 9]]]"
content,github.com/TechReborn/TechReborn,https://sourcegraph.com/github.com/TechReborn/TechReborn,RebornCore/src/main/java/reborncore/common/blockentity/MachineBaseBlockEntity.java,https://sourcegraph.com/github.com/TechReborn/TechReborn/-/blob/RebornCore/src/main/java/reborncore/common/blockentity/MachineBaseBlockEntity.java,"[RebornCore/src/main/java/reborncore/common/blockentity/MachineBaseBlockEntity.java, [[11, 24]]]","[170, [[0, 14]]]"
content,github.com/FabricMC/yarn,https://sourcegraph.com/github.com/FabricMC/yarn,filament/src/main/java/net/fabricmc/filament/mappingpoet/Signatures.java,https://sourcegraph.com/github.com/FabricMC/yarn/-/blob/filament/src/main/java/net/fabricmc/filament/mappingpoet/Signatures.java,"[filament/src/main/java/net/fabricmc/filament/mappingpoet/Signatures.java, [[9, 22]]]","[366, [[0, 14] [0, 14]]]"
content,github.com/lets-mica/mica,https://sourcegraph.com/github.com/lets-mica/mica,mica-ip2region/src/main/java/net/dreamlu/mica/ip2region/core/Searcher.java,https://sourcegraph.com/github.com/lets-mica/mica/-/blob/mica-ip2region/src/main/java/net/dreamlu/mica/ip2region/core/Searcher.java,"[mica-ip2region/src/main/java/net/dreamlu/mica/ip2region/core/Searcher.java, [[15, 28]]]","[141, [[0, 15]]]"
content,github.com/tordanik/OSM2World,https://sourcegraph.com/github.com/tordanik/OSM2World,core/src/main/java/org/osm2world/math/VectorXYZ.java,https://sourcegraph.com/github.com/tordanik/OSM2World/-/blob/core/src/main/java/org/osm2world/math/VectorXYZ.java,"[core/src/main/java/org/osm2world/math/VectorXYZ.java, [[5, 18]]]","[165, [[0, 12]]]"
content,github.com/chsami/Microbot,https://sourcegraph.com/github.com/chsami/Microbot,runelite-client/src/main/java/net/runelite/client/Notifier.java,https://sourcegraph.com/github.com/chsami/Microbot/-/blob/runelite-client/src/main/java/net/runelite/client/Notifier.java,"[runelite-client/src/main/java/net/runelite/client/Notifier.java, [[16, 29]]]","[179, [[0, 21]]]"
content,github.com/DaFuqs/Spectrum,https://sourcegraph.com/github.com/DaFuqs/Spectrum,src/main/java/de/dafuqs/spectrum/mixin/CatEntityMixin.java,https://sourcegraph.com/github.com/DaFuqs/Spectrum/-/blob/src/main/java/de/dafuqs/spectrum/mixin/CatEntityMixin.java,"[src/main/java/de/dafuqs/spectrum/mixin/CatEntityMixin.java, [[0, 13]]]","[32, [[0, 13]]]"
content,github.com/itext/itext-java,https://sourcegraph.com/github.com/itext/itext-java,kernel/src/main/java/com/itextpdf/kernel/xmp/impl/ParseRDF.java,https://sourcegraph.com/github.com/itext/itext-java/-/blob/kernel/src/main/java/com/itextpdf/kernel/xmp/impl/ParseRDF.java,"[kernel/src/main/java/com/itextpdf/kernel/xmp/impl/ParseRDF.java, [[7, 20]]]","[1138, [[0, 18]]]; [1141, [[0, 9]]]; [1178, [[0, 18]]]"
content,github.com/babelfish-for-postgresql/babelfish_compass,https://sourcegraph.com/github.com/babelfish-for-postgresql/babelfish_compass,src/main/java/compass/Compass.java,https://sourcegraph.com/github.com/babelfish-for-postgresql/babelfish_compass/-/blob/src/main/java/compass/Compass.java,"[src/main/java/compass/Compass.java, [[0, 13]]]","[1039, [[0, 10]]]"
content,github.com/CommandAPI/CommandAPI,https://sourcegraph.com/github.com/CommandAPI/CommandAPI,commandapi-platforms/commandapi-bukkit/commandapi-bukkit-test/commandapi-bukkit-test-impl/src/main/java/dev/jorel/commandapi/test/MockPlatform.java,https://sourcegraph.com/github.com/CommandAPI/CommandAPI/-/blob/commandapi-platforms/commandapi-bukkit/commandapi-bukkit-test/commandapi-bukkit-test-impl/src/main/java/dev/jorel/commandapi/test/MockPlatform.java,"[commandapi-platforms/commandapi-bukkit/commandapi-bukkit-test/commandapi-bukkit-test-impl/src/main/java/dev/jorel/commandapi/test/MockPlatform.java, [[90, 103]]]","[98, [[0, 13]]]"
content,github.com/tomdodd4598/NuclearCraft,https://sourcegraph.com/github.com/tomdodd4598/NuclearCraft,src/main/java/nc/tile/multiblock/TileMultiblockPart.java,https://sourcegraph.com/github.com/tomdodd4598/NuclearCraft/-/blob/src/main/java/nc/tile/multiblock/TileMultiblockPart.java,"[src/main/java/nc/tile/multiblock/TileMultiblockPart.java, [[0, 13]]]","[238, [[0, 19]]]"
content,github.com/FrozenBlock/WilderWild,https://sourcegraph.com/github.com/FrozenBlock/WilderWild,src/main/java/net/frozenblock/wilderwild/block/entity/StoneChestBlockEntity.java,https://sourcegraph.com/github.com/FrozenBlock/WilderWild/-/blob/src/main/java/net/frozenblock/wilderwild/block/entity/StoneChestBlockEntity.java,"[src/main/java/net/frozenblock/wilderwild/block/entity/StoneChestBlockEntity.java, [[0, 13]]]","[267, [[0, 13]]]"
